"Order ID","Order Key",Title
474,wc_order_54e4f205e6412,"Order - February 19, 2015 @ 01:41 AM"
566,wc_order_5522436a1d919,"Order - April 6, 2015 @ 02:00 PM"
622,wc_order_553f1749b2434,"Order - April 28, 2015 @ 10:44 AM"
669,wc_order_555af38bc11ff,"Order - May 19, 2015 @ 01:55 PM"
681,wc_order_55634cf63dd88,"Order - May 25, 2015 @ 09:58 PM"
776,wc_order_5590211863270,"Order - June 28, 2015 @ 10:00 PM"
777,wc_order_559111e9e3145,"Order - June 29, 2015 @ 03:09 PM"
778,wc_order_559249c7033b8,"Order - June 30, 2015 @ 01:52 PM"
779,wc_order_559271c876329,"Order - June 30, 2015 @ 04:12 PM"
780,wc_order_559a83296120e,"Order - July 6, 2015 @ 07:15 PM"
781,wc_order_559d2a6821c2c,"Order - July 8, 2015 @ 07:23 PM"
782,wc_order_559d788540ae2,"Order - July 9, 2015 @ 01:01 AM"
783,wc_order_559e415fbfab8,"Order - July 9, 2015 @ 03:09 PM"
805,wc_order_55a49e510e679,"Order - July 14, 2015 @ 11:03 AM"
806,wc_order_55a74c80baad9,"Order - July 16, 2015 @ 11:54 AM"
807,wc_order_55a74fa932ec5,"Order - July 16, 2015 @ 12:02 PM"
810,wc_order_55ab4eac9f0d3,"Order - July 19, 2015 @ 12:45 PM"
811,wc_order_55abdefd74053,"Order - July 19, 2015 @ 11:01 PM"
812,wc_order_55ac42bfdefe9,"Order - July 20, 2015 @ 06:11 AM"
813,wc_order_55ac7dd91c19f,"Order - July 20, 2015 @ 10:25 AM"
814,wc_order_55aceaba53d43,"Order - July 20, 2015 @ 06:06 PM"
815,wc_order_55af2f45c15de,"Order - July 22, 2015 @ 11:23 AM"
818,wc_order_55b079aec9785,"Order - July 23, 2015 @ 10:53 AM"
838,wc_order_55b330a94d723,"Order - July 25, 2015 @ 12:18 PM"
842,wc_order_55b4843fa24b0,"Order - July 26, 2015 @ 12:28 PM"
856,wc_order_55b6120ca712a,"Order - July 27, 2015 @ 04:48 PM"
857,wc_order_55ba60a58b558,"Order - July 30, 2015 @ 11:08 PM"
863,wc_order_55c0997f0848b,"Order - August 4, 2015 @ 04:33 PM"
865,wc_order_55c2dab73f7a2,"Order - August 6, 2015 @ 09:28 AM"
866,wc_order_55c33abc6d578,"Order - August 6, 2015 @ 04:17 PM"
868,wc_order_55c38fee0749f,"Order - August 6, 2015 @ 10:18 PM"
886,wc_order_55c6d82c26c18,"Order - August 9, 2015 @ 10:09 AM"
895,order_55c834677a1b1,"Order - August 10, 2015 @ 10:49 AM"
899,wc_order_55c841bd077eb,"Order - August 10, 2015 @ 11:46 AM"
909,wc_order_55cc15ed2da0a,"Order - August 13, 2015 @ 09:35 AM"
910,wc_order_55cc19fb468b2,"Order - August 13, 2015 @ 09:49 AM"
920,wc_order_55cc90e158578,"Order - August 13, 2015 @ 06:16 PM"
930,wc_order_55cd932496399,"Order - August 14, 2015 @ 12:38 PM"
938,wc_order_55cdd6f42d0b1,"Order - August 14, 2015 @ 05:29 PM"
947,wc_order_55ceeb7a59796,"Order - August 15, 2015 @ 01:14 PM"
989,wc_order_55cf67f90adc9,"Order - August 15, 2015 @ 09:57 PM"
1012,wc_order_55d2df294b079,"Order - August 18, 2015 @ 01:00 PM"
1017,wc_order_55d3e178b355a,"Order - August 19, 2015 @ 07:28 AM"
1023,wc_order_55d44c47cf874,"Order - August 19, 2015 @ 02:58 PM"
1032,wc_order_55d753e528660,"Order - August 21, 2015 @ 10:07 PM"
1035,wc_order_55d86818e74f3,"Order - August 22, 2015 @ 05:50 PM"
1036,wc_order_55d8cda1e6eda,"Order - August 23, 2015 @ 12:59 AM"
1037,wc_order_55d966c53460f,"Order - August 23, 2015 @ 02:29 PM"
1038,wc_order_55d9b18eaa6a9,"Order - August 23, 2015 @ 05:15 PM"
1041,wc_order_55d9fc51985e3,"Order - August 23, 2015 @ 10:35 PM"
1044,order_55dab051a9fe9,"Order - August 24, 2015 @ 11:04 AM"
1045,wc_order_55daad2594114,"Order - August 24, 2015 @ 11:12 AM"
1053,wc_order_55dbeb43094ca,"Order - August 25, 2015 @ 09:44 AM"
1060,wc_order_55dd4ca05c192,"Order - August 26, 2015 @ 10:52 AM"
1073,wc_order_55deda84481ca,"Order - August 27, 2015 @ 03:19 PM"
1074,wc_order_55df13d124b23,"Order - August 27, 2015 @ 07:14 PM"
1075,wc_order_55df2be14d427,"Order - August 27, 2015 @ 09:20 PM"
1077,wc_order_55e034fe914e0,"Order - August 28, 2015 @ 03:49 PM"
1078,wc_order_55e134d729407,"Order - August 29, 2015 @ 10:00 AM"
1079,wc_order_55e1392b35427,"Order - August 29, 2015 @ 10:16 AM"
1080,wc_order_55e1a2a904088,"Order - August 29, 2015 @ 05:51 PM"
1081,wc_order_55e1af3761b24,"Order - August 29, 2015 @ 06:44 PM"
1084,wc_order_55e2bc36bbce5,"Order - August 30, 2015 @ 01:51 PM"
1089,wc_order_55e57b3417872,"Order - September 1, 2015 @ 03:52 PM"
1092,wc_order_55e67e5c2f537,"Order - September 2, 2015 @ 10:16 AM"
1093,wc_order_55e68a2e3661e,"Order - September 2, 2015 @ 11:03 AM"
1094,wc_order_55e68e5c37802,"Order - September 2, 2015 @ 11:21 AM"
1098,wc_order_55e72e7ccf911,"Order - September 2, 2015 @ 10:44 PM"
1099,wc_order_55e859090abe4,"Order - September 3, 2015 @ 08:00 PM"
1104,wc_order_55e91e18658fe,"Order - September 4, 2015 @ 10:01 AM"
1106,wc_order_55e9762503f5c,"Order - September 4, 2015 @ 04:14 PM"
1107,wc_order_55e977a592870,"Order - September 4, 2015 @ 04:30 PM"
1118,wc_order_55e9c7f2e19a8,"Order - September 4, 2015 @ 10:06 PM"
1120,wc_order_55eaa94d8636b,"Order - September 5, 2015 @ 02:07 PM"
1121,wc_order_55eaab6bdc3d3,"Order - September 5, 2015 @ 02:21 PM"
1122,wc_order_55eab459c5609,"Order - September 5, 2015 @ 02:56 PM"
1124,wc_order_55eaf8b5241a4,"Order - September 5, 2015 @ 07:51 PM"
1126,wc_order_55ebea3d43f22,"Order - September 6, 2015 @ 01:04 PM"
1127,wc_order_55ec42dc134c4,"Order - September 7, 2015 @ 09:15 AM"
1128,wc_order_55ec4b66e20e8,"Order - September 6, 2015 @ 07:54 PM"
1129,wc_order_55eca52fa502f,"Order - September 7, 2015 @ 02:12 AM"
1130,wc_order_55ed4c8e88f6f,"Order - September 7, 2015 @ 02:06 PM"
1131,wc_order_55eddf9c1ab61,"Order - September 8, 2015 @ 12:33 AM"
1132,wc_order_55ee5b67d20a3,"Order - September 8, 2015 @ 09:22 AM"
1133,wc_order_55ee857a51d9f,"Order - September 8, 2015 @ 12:21 PM"
1135,wc_order_55efc119a4ca9,"Order - September 9, 2015 @ 10:48 AM"
1137,wc_order_55eff08a145a5,"Order - September 9, 2015 @ 02:12 PM"
1138,wc_order_55effa7fbdea0,"Order - September 9, 2015 @ 02:56 PM"
1139,wc_order_55f032c892411,"Order - September 9, 2015 @ 07:02 PM"
1146,wc_order_55f1690dee129,"Order - September 10, 2015 @ 04:57 PM"
1147,wc_order_55f24145c051d,"Order - September 11, 2015 @ 08:22 AM"
1157,wc_order_55f289a94e88f,"Order - September 11, 2015 @ 01:28 PM"
1158,wc_order_55f2dd78514f5,"Order - September 12, 2015 @ 08:23 AM"
1174,wc_order_55f3ef55a7ede,"Order - September 12, 2015 @ 03:12 PM"
1175,wc_order_55f406d5a7fee,"Order - September 12, 2015 @ 04:34 PM"
1176,wc_order_55f44af63caaf,"Order - September 12, 2015 @ 09:25 PM"
1177,wc_order_55f4f1427964e,"Order - September 13, 2015 @ 09:15 AM"
1178,wc_order_55f5770738fd4,"Order - September 13, 2015 @ 06:45 PM"
1179,wc_order_55f5785a7196e,"Order - September 13, 2015 @ 07:00 PM"
1223,wc_order_55f676eabff73,"Order - September 14, 2015 @ 01:13 PM"
1224,wc_order_55f6be581b5bb,"Order - September 14, 2015 @ 06:19 PM"
1225,wc_order_55f6d7451efbd,"Order - September 14, 2015 @ 07:51 PM"
1226,wc_order_55f70eab59cec,"Order - September 14, 2015 @ 11:49 PM"
1244,wc_order_55f7f24d1ea8d,"Order - September 15, 2015 @ 03:56 PM"
1257,wc_order_55f813512cd5d,"Order - September 15, 2015 @ 06:17 PM"
1258,wc_order_55f8438facd1e,"Order - September 15, 2015 @ 09:43 PM"
1260,wc_order_55f8e11ed7b02,"Order - September 16, 2015 @ 08:58 AM"
1261,wc_order_55f9163c00f21,"Order - September 16, 2015 @ 12:43 PM"
1263,wc_order_55f95ad6a30fb,"Order - September 16, 2015 @ 05:34 PM"
1308,wc_order_55fba7fd3e254,"Order - September 18, 2015 @ 11:28 AM"
1309,wc_order_55fbeabb18ce8,"Order - September 18, 2015 @ 04:26 PM"
1310,wc_order_55fbebff7c21c,"Order - September 18, 2015 @ 04:26 PM"
1311,wc_order_55fc32b93dc4d,"Order - September 18, 2015 @ 09:26 PM"
1314,order_55fce9ba8cded,"Order - September 19, 2015 @ 10:18 AM"
1318,wc_order_55fd3afbab713,"Order - September 19, 2015 @ 04:08 PM"
1319,wc_order_55fd4edd1177b,"Order - September 19, 2015 @ 05:35 PM"
1337,wc_order_55ffbdd057d0e,"Order - September 21, 2015 @ 01:53 PM"
1341,wc_order_55ffdad0f053e,"Order - September 21, 2015 @ 03:55 PM"
1342,wc_order_560036458ae00,"Order - September 21, 2015 @ 10:27 PM"
1351,wc_order_56012d0a1177d,"Order - September 22, 2015 @ 04:01 PM"
1357,wc_order_560199b697797,"Order - September 22, 2015 @ 11:41 PM"
1358,wc_order_56019b1c6dd3f,"Order - September 22, 2015 @ 11:52 PM"
1361,order_56024f6a2a3aa,"Order - September 23, 2015 @ 12:15 PM"
1363,order_5602947f8e0c2,"Order - September 23, 2015 @ 05:26 PM"
1366,wc_order_56035bbcee553,"Order - September 24, 2015 @ 07:42 AM"
1375,wc_order_560518f6ec4d4,"Order - September 25, 2015 @ 03:25 PM"
1378,wc_order_56069cb6d4547,"Order - September 26, 2015 @ 07:01 PM"
1381,wc_order_5607fa73aefc5,"Order - September 27, 2015 @ 07:51 PM"
1390,wc_order_5609fa06960d1,"Order - September 29, 2015 @ 08:12 AM"
1391,wc_order_560a03483ec8b,"Order - September 29, 2015 @ 08:53 AM"
1392,wc_order_560a285312180,"Order - September 29, 2015 @ 11:35 AM"
1393,wc_order_560a41d38ec01,"Order - September 29, 2015 @ 01:24 PM"
1399,wc_order_560b6a0089154,"Order - September 30, 2015 @ 10:23 AM"
1402,wc_order_560b7d1aeda98,"Order - September 30, 2015 @ 11:58 AM"
1403,wc_order_560b8d1e0e79e,"Order - September 30, 2015 @ 12:49 PM"
1405,wc_order_560be8d416a4d,"Order - September 30, 2015 @ 07:24 PM"
1406,wc_order_560be9120a397,"Order - September 30, 2015 @ 07:28 PM"
1410,wc_order_560cc7a45eb35,"Order - October 1, 2015 @ 11:20 AM"
1411,wc_order_560cd08660445,"Order - October 1, 2015 @ 11:49 AM"
1412,wc_order_560cde9791455,"Order - October 1, 2015 @ 12:49 PM"
1415,wc_order_560e04562dcd7,"Order - October 2, 2015 @ 09:49 AM"
1416,wc_order_560e9f6ba1d08,"Order - October 2, 2015 @ 08:49 PM"
1417,wc_order_560ec24b63dd6,"Order - October 2, 2015 @ 11:16 PM"
1420,wc_order_560fa3590e3ca,"Order - October 4, 2015 @ 02:16 PM"
1423,wc_order_5610a238c2b38,"Order - October 4, 2015 @ 09:23 AM"
1427,wc_order_561243b1244a7,"Order - October 5, 2015 @ 03:06 PM"
1430,wc_order_5613856daa2e8,"Order - October 6, 2015 @ 01:55 PM"
1431,wc_order_5613abe0523c9,"Order - October 6, 2015 @ 04:45 PM"
1432,wc_order_5613b1a85b375,"Order - October 6, 2015 @ 05:07 PM"
1435,wc_order_5614c90043f19,"Order - October 7, 2015 @ 12:55 PM"
1436,wc_order_5614d1a2c8c08,"Order - October 7, 2015 @ 01:32 PM"
1437,wc_order_5614de0f760eb,"Order - October 7, 2015 @ 02:25 PM"
1440,wc_order_56164c0bbc9cc,"Order - October 8, 2015 @ 04:29 PM"
1441,wc_order_561659f0ebb63,"Order - October 8, 2015 @ 05:26 PM"
1443,wc_order_5616ab3a33436,"Order - October 8, 2015 @ 11:13 PM"
1444,wc_order_5616d83d049a4,"Order - October 9, 2015 @ 02:26 AM"
1449,wc_order_561890dd76ea7,"Order - October 10, 2015 @ 09:49 AM"
1450,wc_order_561958a240f6f,"Order - October 10, 2015 @ 11:57 PM"
1453,order_561a673418d57,"Order - October 11, 2015 @ 06:53 PM"
1454,wc_order_561aa1e9b5699,"Order - October 11, 2015 @ 11:23 PM"
1457,wc_order_561b2b0ed71e3,"Order - October 12, 2015 @ 09:11 AM"
1458,wc_order_561b3d36b01c6,"Order - October 12, 2015 @ 10:25 AM"
1459,wc_order_561b651532ea1,"Order - October 12, 2015 @ 01:19 PM"
1460,wc_order_561beaae195cb,"Order - October 12, 2015 @ 10:45 PM"
1463,wc_order_561c691276fbd,"Order - October 13, 2015 @ 07:44 AM"
1465,wc_order_561cccce2d880,"Order - October 13, 2015 @ 02:53 PM"
1466,wc_order_561ce22800f96,"Order - October 13, 2015 @ 04:21 PM"
1467,wc_order_561cebfbda63a,"Order - October 13, 2015 @ 05:03 PM"
1469,wc_order_561d3d3fd2525,"Order - October 13, 2015 @ 10:49 PM"
1473,wc_order_561dd4ddab132,"Order - October 14, 2015 @ 09:37 AM"
1475,wc_order_561e2e5fec5bd,"Order - October 14, 2015 @ 04:02 PM"
1476,wc_order_561e7dc798e9c,"Order - October 14, 2015 @ 09:37 PM"
1479,wc_order_561f2b72ea266,"Order - October 15, 2015 @ 09:58 AM"
1480,wc_order_561f39ce73982,"Order - October 15, 2015 @ 11:24 AM"
1482,wc_order_561f9004d5915,"Order - October 15, 2015 @ 05:11 PM"
1483,wc_order_561fc5de51791,"Order - October 15, 2015 @ 08:57 PM"
1486,wc_order_56207abd12fd0,"Order - October 16, 2015 @ 09:51 AM"
1487,wc_order_5620d93919fee,"Order - October 16, 2015 @ 04:41 PM"
1488,wc_order_562116fe93366,"Order - October 16, 2015 @ 08:55 PM"
1492,wc_order_5621ba03e9997,"Order - October 17, 2015 @ 08:31 AM"
1495,wc_order_56228c74572dc,"Order - October 17, 2015 @ 11:29 PM"
1506,wc_order_56247a633f01b,"Order - October 19, 2015 @ 10:36 AM"
1507,wc_order_56247cb4a5a93,"Order - October 19, 2015 @ 10:46 AM"
1508,wc_order_5624f70e9cff6,"Order - October 19, 2015 @ 07:28 PM"
1509,wc_order_562502df88244,"Order - October 19, 2015 @ 08:19 PM"
1512,wc_order_562532fd306ad,"Order - October 19, 2015 @ 11:44 PM"
1515,wc_order_5625db407244d,"Order - October 20, 2015 @ 11:42 AM"
1520,wc_order_5626538fb6977,"Order - October 20, 2015 @ 08:15 PM"
1523,wc_order_5627173e86291,"Order - October 21, 2015 @ 10:15 AM"
1525,wc_order_562720789eec7,"Order - October 21, 2015 @ 10:51 AM"
1527,wc_order_5627b1c78f57d,"Order - October 21, 2015 @ 09:09 PM"
1530,order_5628ffd77b2fa,"Order - October 22, 2015 @ 08:46 PM"
1547,wc_order_5629bf7f2d579,"Order - October 23, 2015 @ 10:35 AM"
1548,wc_order_5629f52e167cf,"Order - October 23, 2015 @ 02:24 PM"
1549,wc_order_562a11510b06f,"Order - October 23, 2015 @ 04:24 PM"
1550,wc_order_562a5afb67a8e,"Order - October 23, 2015 @ 09:36 PM"
1555,wc_order_562c2c8212316,"Order - October 25, 2015 @ 06:42 AM"
1556,wc_order_562c5abb67e53,"Order - October 25, 2015 @ 10:18 AM"
1558,wc_order_562c71176d737,"Order - October 25, 2015 @ 11:40 AM"
1559,wc_order_562d10cb629a6,"Order - October 28, 2015 @ 12:13 AM"
1562,wc_order_562dd7c4db4ac,"Order - October 26, 2015 @ 01:09 PM"
1563,wc_order_562de2dfb8d43,"Order - October 26, 2015 @ 01:52 PM"
1566,wc_order_562e67ac2ab4b,"Order - October 26, 2015 @ 11:19 PM"
1569,wc_order_562ef2006add0,"Order - October 27, 2015 @ 09:09 AM"
1573,wc_order_562f19f966c65,"Order - October 27, 2015 @ 12:00 PM"
1574,wc_order_562f2d6c9fe13,"Order - October 27, 2015 @ 01:23 PM"
1575,wc_order_562f2ee2cec1a,"Order - October 27, 2015 @ 01:29 PM"
1576,wc_order_562f6786efd1a,"Order - October 27, 2015 @ 05:34 PM"
1577,wc_order_562f76cccd009,"Order - October 27, 2015 @ 06:46 PM"
1578,wc_order_562fa4b1764df,"Order - October 27, 2015 @ 09:55 PM"
1579,wc_order_562fb731b958d,"Order - October 27, 2015 @ 11:13 PM"
1580,wc_order_562fbd9735b4f,"Order - October 27, 2015 @ 11:39 PM"
1583,wc_order_563070bf45691,"Order - October 28, 2015 @ 12:22 PM"
1584,wc_order_56308eace66fb,"Order - October 28, 2015 @ 02:33 PM"
1585,wc_order_563090b84140c,"Order - October 28, 2015 @ 02:39 PM"
1586,wc_order_5630a33a80539,"Order - October 28, 2015 @ 04:08 PM"
1587,wc_order_5630b96cefd29,"Order - October 28, 2015 @ 05:32 PM"
1588,wc_order_5630d2c395bf8,"Order - October 28, 2015 @ 07:26 PM"
1589,wc_order_5630e0726dbd3,"Order - October 28, 2015 @ 08:21 PM"
1596,wc_order_5631b12383a63,"Order - October 29, 2015 @ 11:15 AM"
1597,wc_order_5631eded384fb,"Order - October 29, 2015 @ 03:29 PM"
1598,wc_order_563228fa78b7b,"Order - October 29, 2015 @ 07:43 PM"
1602,wc_order_5632f0425be98,"Order - October 30, 2015 @ 09:51 AM"
1603,wc_order_563317481a022,"Order - October 30, 2015 @ 12:37 PM"
1604,wc_order_56335d31d2c23,"Order - October 30, 2015 @ 05:37 PM"
1608,wc_order_56348e7d88835,"Order - October 31, 2015 @ 03:18 PM"
1611,wc_order_5635d5bdac37c,"Order - November 1, 2015 @ 02:37 PM"
1617,wc_order_5636e5bb36809,"Order - November 2, 2015 @ 10:08 AM"
1618,wc_order_5636f55ef2bf9,"Order - November 2, 2015 @ 11:04 AM"
1619,wc_order_563733060f8fd,"Order - November 2, 2015 @ 03:29 PM"
1620,wc_order_5637477a7cfb8,"Order - November 2, 2015 @ 04:58 PM"
1621,wc_order_56375fdd0756f,"Order - November 3, 2015 @ 02:10 PM"
1622,wc_order_56378407c674b,"Order - November 2, 2015 @ 09:10 PM"
1623,wc_order_56378956cafad,"Order - November 2, 2015 @ 09:36 PM"
1624,wc_order_5637a593809d1,"Order - November 2, 2015 @ 11:35 PM"
1627,wc_order_56383591412c3,"Order - November 3, 2015 @ 09:48 AM"
1631,wc_order_5639f232b7df0,"Order - November 4, 2015 @ 05:29 PM"
1632,wc_order_5639f5b98aac5,"Order - November 4, 2015 @ 05:40 PM"
1633,wc_order_563a41597a2ef,"Order - November 4, 2015 @ 11:08 PM"
1634,wc_order_563a45982ab1f,"Order - November 4, 2015 @ 11:41 PM"
1637,wc_order_563af0568db16,"Order - November 5, 2015 @ 11:31 AM"
1686,wc_order_563b2ddf8bd7e,"Order - November 5, 2015 @ 03:55 PM"
1689,wc_order_563c3ea9d719b,"Order - November 6, 2015 @ 11:16 AM"
1690,wc_order_563c5619d8201,"Order - November 6, 2015 @ 12:56 PM"
1691,wc_order_563c8005dc4df,"Order - November 6, 2015 @ 03:55 PM"
1692,wc_order_563c8490ab6b0,"Order - November 6, 2015 @ 04:16 PM"
1693,wc_order_563ccb716047d,"Order - November 6, 2015 @ 09:18 PM"
1694,wc_order_563d186504689,"Order - November 7, 2015 @ 02:49 AM"
1707,wc_order_563f112a15292,"Order - November 8, 2015 @ 02:41 PM"
1711,wc_order_56402b2a0dcce,"Order - November 9, 2015 @ 10:44 AM"
1712,wc_order_5640714ddb86f,"Order - November 9, 2015 @ 03:41 PM"
1713,wc_order_5640d816b5631,"Order - November 9, 2015 @ 10:59 PM"
1716,wc_order_5641f6599813b,"Order - November 10, 2015 @ 07:22 PM"
1719,wc_order_564318b20995f,"Order - November 11, 2015 @ 04:00 PM"
1720,wc_order_56431b788ae9d,"Order - November 11, 2015 @ 04:15 PM"
1721,wc_order_564320c8bdbaf,"Order - November 11, 2015 @ 04:37 PM"
1722,wc_order_564353f790e44,"Order - November 11, 2015 @ 08:13 PM"
1725,wc_order_56443254544eb,"Order - November 12, 2015 @ 12:01 PM"
1732,wc_order_5644bb91afdfe,"Order - November 12, 2015 @ 09:47 PM"
1735,wc_order_56455df7d7a69,"Order - November 13, 2015 @ 09:24 AM"
1736,wc_order_5645667bc059f,"Order - November 13, 2015 @ 09:58 AM"
1737,wc_order_56456fc0d0d64,"Order - November 13, 2015 @ 10:37 AM"
1738,wc_order_5645899996ce8,"Order - November 13, 2015 @ 12:28 PM"
1740,wc_order_5645afe6e5cf5,"Order - November 13, 2015 @ 03:09 PM"
1741,wc_order_5645bd7b41dcb,"Order - November 13, 2015 @ 04:07 PM"
1742,wc_order_56462aff2b36a,"Order - November 13, 2015 @ 11:55 PM"
1745,wc_order_5646b97e8b170,"Order - November 14, 2015 @ 10:03 AM"
1747,wc_order_5646ec681a408,"Order - November 14, 2015 @ 01:40 PM"
1750,wc_order_56486391a5a9e,"Order - November 15, 2015 @ 04:20 PM"
1752,wc_order_5648bf8e8dcba,"Order - November 15, 2015 @ 10:54 PM"
1755,wc_order_564971a036859,"Order - November 16, 2015 @ 11:37 AM"
1756,wc_order_56499517280e8,"Order - November 16, 2015 @ 02:05 PM"
1757,wc_order_5649b0f1cbac9,"Order - November 16, 2015 @ 04:05 PM"
1760,wc_order_564ab24d90157,"Order - November 17, 2015 @ 10:21 AM"
1761,wc_order_564abb87884a5,"Order - November 17, 2015 @ 11:05 AM"
1763,wc_order_564af62ab7fb4,"Order - November 17, 2015 @ 03:14 PM"
1765,order_564b0ba14c13c,"Order - November 17, 2015 @ 04:04 PM"
1766,wc_order_564b06d1e4431,"Order - November 17, 2015 @ 04:22 PM"
1767,order_564b0ec8420d3,"Order - November 17, 2015 @ 04:53 PM"
1768,wc_order_564b14a5addc7,"Order - November 17, 2015 @ 05:21 PM"
1769,wc_order_564b521a026a2,"Order - November 17, 2015 @ 09:43 PM"
1772,wc_order_564c439c414d1,"Order - November 18, 2015 @ 02:55 PM"
1773,wc_order_564c46ee19d4e,"Order - November 18, 2015 @ 03:11 PM"
1774,wc_order_564c5b5a3e4df,"Order - November 18, 2015 @ 05:22 PM"
1784,wc_order_564d6f0a1bcaa,"Order - November 19, 2015 @ 12:11 PM"
1785,wc_order_564d7b9507780,"Order - November 19, 2015 @ 01:04 PM"
1786,wc_order_564daaa81576b,"Order - November 19, 2015 @ 04:28 PM"
1787,wc_order_564dad1bb2120,"Order - November 19, 2015 @ 04:39 PM"
1788,wc_order_564e073dca37c,"Order - November 19, 2015 @ 11:05 PM"
1789,wc_order_564e188490413,"Order - November 20, 2015 @ 12:14 AM"
1792,wc_order_564e87d49cdc5,"Order - November 20, 2015 @ 08:09 AM"
1793,wc_order_564e9c8d98564,"Order - November 20, 2015 @ 09:37 AM"
1794,wc_order_564ece26c650c,"Order - November 20, 2015 @ 01:09 PM"
1795,wc_order_564eea8f37f05,"Order - November 20, 2015 @ 03:10 PM"
1796,wc_order_564f119af1f84,"Order - November 20, 2015 @ 05:57 PM"
1797,wc_order_564f5efd12ecc,"Order - November 20, 2015 @ 11:27 PM"
1800,wc_order_56503b037af97,"Order - November 21, 2015 @ 03:10 PM"
1801,wc_order_56507dac2b18e,"Order - November 21, 2015 @ 07:50 PM"
1802,wc_order_565090a7dc8e1,"Order - November 21, 2015 @ 09:11 PM"
1804,wc_order_5650a5dfbeb7b,"Order - November 21, 2015 @ 10:48 PM"
1805,wc_order_5650b0a14b15e,"Order - November 21, 2015 @ 11:43 PM"
1808,wc_order_5651439d3abce,"Order - November 22, 2015 @ 09:56 AM"
1809,wc_order_565151e594ca7,"Order - November 22, 2015 @ 10:55 AM"
1810,wc_order_56515c3115b6a,"Order - November 22, 2015 @ 11:41 AM"
1811,wc_order_5651d94ac50d5,"Order - November 22, 2015 @ 08:33 PM"
1815,wc_order_5652e6d0e955a,"Order - November 23, 2015 @ 03:45 PM"
1816,wc_order_5652fd0aad863,"Order - November 23, 2015 @ 05:18 PM"
1817,wc_order_5652ffeeb024c,"Order - November 23, 2015 @ 05:33 PM"
1818,wc_order_565345f196a4b,"Order - November 23, 2015 @ 10:45 PM"
1821,wc_order_5653f3144fead,"Order - November 24, 2015 @ 10:48 AM"
1822,wc_order_5653ff0b92e9f,"Order - November 24, 2015 @ 11:41 AM"
1823,wc_order_56542c080c7c5,"Order - November 24, 2015 @ 02:53 PM"
1824,wc_order_56544cac2dcd6,"Order - November 24, 2015 @ 05:12 PM"
1825,wc_order_56545cab64ce9,"Order - November 24, 2015 @ 06:18 PM"
1826,wc_order_56546198691cd,"Order - November 24, 2015 @ 06:39 PM"
1827,wc_order_56547eff06205,"Order - November 24, 2015 @ 08:47 PM"
1828,wc_order_565480940c1ed,"Order - November 24, 2015 @ 08:51 PM"
1834,wc_order_565691e04d8be,"Order - November 26, 2015 @ 10:30 AM"
1835,wc_order_5656d778df391,"Order - November 26, 2015 @ 03:36 PM"
1838,wc_order_56582d7939fc9,"Order - November 27, 2015 @ 03:46 PM"
1839,wc_order_5658428cae0ba,"Order - November 27, 2015 @ 05:16 PM"
1840,wc_order_5658ad4853e80,"Order - November 28, 2015 @ 01:02 AM"
1841,wc_order_5658b7904fcae,"Order - November 28, 2015 @ 01:35 AM"
1844,wc_order_5659422526a6c,"Order - November 28, 2015 @ 11:26 AM"
1845,wc_order_56594d8ca0d12,"Order - November 28, 2015 @ 12:15 PM"
1846,wc_order_5659727b1b4eb,"Order - November 28, 2015 @ 02:53 PM"
1850,wc_order_565a8516958d9,"Order - November 29, 2015 @ 10:24 AM"
1851,wc_order_565a9a054adfe,"Order - November 29, 2015 @ 11:55 AM"
1852,wc_order_565abd061f7c3,"Order - November 29, 2015 @ 02:29 PM"
1853,wc_order_565ad50752daa,"Order - November 29, 2015 @ 04:07 PM"
1854,wc_order_565b0c1099461,"Order - November 29, 2015 @ 08:03 PM"
1855,wc_order_565b224c70bf9,"Order - November 29, 2015 @ 09:35 PM"
1859,wc_order_565bf9600bafd,"Order - November 30, 2015 @ 12:53 PM"
1860,wc_order_565bfce599758,"Order - November 30, 2015 @ 01:36 PM"
1861,wc_order_565c162a24a73,"Order - November 30, 2015 @ 02:56 PM"
1862,wc_order_565c19273d8f7,"Order - November 30, 2015 @ 03:10 PM"
1863,wc_order_565c1d8d41c9f,"Order - November 30, 2015 @ 03:27 PM"
1868,wc_order_565c385312c37,"Order - November 30, 2015 @ 05:21 PM"
1869,wc_order_565c43571d63a,"Order - November 30, 2015 @ 06:13 PM"
1870,wc_order_565c4947bf99f,"Order - November 30, 2015 @ 06:34 PM"
1871,wc_order_565c49ab93402,"Order - November 30, 2015 @ 06:37 PM"
1873,wc_order_565c71397bb8e,"Order - November 30, 2015 @ 09:24 PM"
1877,wc_order_565d1a174ab0d,"Order - December 1, 2015 @ 09:25 AM"
1878,wc_order_565d784ab09b2,"Order - December 1, 2015 @ 04:06 PM"
1879,wc_order_565d9ce742ad3,"Order - December 1, 2015 @ 06:44 PM"
1880,wc_order_565db5df70bcb,"Order - December 1, 2015 @ 08:29 PM"
1883,wc_order_565e82997a35a,"Order - December 2, 2015 @ 11:07 AM"
1884,wc_order_565eb2b8f265f,"Order - December 2, 2015 @ 02:30 PM"
1885,wc_order_565ebc5b4ecbb,"Order - December 2, 2015 @ 03:10 PM"
1886,wc_order_565ecbe1d1d7c,"Order - December 2, 2015 @ 04:15 PM"
1887,wc_order_565f0b25404e0,"Order - December 2, 2015 @ 08:45 PM"
1892,wc_order_565fdceb1ffb1,"Order - December 3, 2015 @ 11:40 AM"
1893,wc_order_565fde7935b1c,"Order - December 3, 2015 @ 11:47 AM"
1894,wc_order_565feb4167bf6,"Order - December 3, 2015 @ 12:42 PM"
1895,wc_order_5660027587af5,"Order - December 3, 2015 @ 02:24 PM"
1896,wc_order_566019a0300f0,"Order - December 3, 2015 @ 03:59 PM"
1897,wc_order_566037a76b0f5,"Order - December 3, 2015 @ 08:37 PM"
1899,order_5660460362fef,"Order - December 3, 2015 @ 07:07 PM"
1901,wc_order_56604b65a26a8,"Order - December 3, 2015 @ 07:32 PM"
1905,wc_order_56605f4d3c4d1,"Order - December 3, 2015 @ 09:03 PM"
1910,wc_order_56607150ce5d8,"Order - December 3, 2015 @ 10:14 PM"
1916,wc_order_566093532f809,"Order - December 4, 2015 @ 12:39 AM"
1923,wc_order_56611ac063e83,"Order - December 4, 2015 @ 11:00 AM"
1924,wc_order_56612abc77e4b,"Order - December 4, 2015 @ 11:27 AM"
1928,wc_order_5661368f4a6f7,"Order - December 4, 2015 @ 12:16 PM"
1932,wc_order_5661662d30d90,"Order - December 4, 2015 @ 03:38 PM"
1936,wc_order_5661809620398,"Order - December 4, 2015 @ 05:37 PM"
1942,wc_order_5661d539db92b,"Order - December 4, 2015 @ 11:34 PM"
1944,wc_order_5661dd9febb7e,"Order - December 5, 2015 @ 12:10 AM"
1950,wc_order_56624fa87522b,"Order - December 5, 2015 @ 08:17 AM"
1954,wc_order_56626dfdb7abe,"Order - December 5, 2015 @ 10:28 AM"
1956,wc_order_5662820ed3e99,"Order - December 5, 2015 @ 11:49 AM"
1967,wc_order_5663bdd36efaa,"Order - December 6, 2015 @ 10:19 AM"
1973,wc_order_56641dcfabfac,"Order - December 6, 2015 @ 05:12 PM"
1983,wc_order_56651f1e26f20,"Order - December 7, 2015 @ 11:28 AM"
1985,wc_order_566534bca381b,"Order - December 7, 2015 @ 12:59 PM"
1987,wc_order_566546f550d11,"Order - December 7, 2015 @ 02:18 PM"
1991,wc_order_566555e521031,"Order - December 7, 2015 @ 03:28 PM"
2007,wc_order_5665fd1c0480f,"Order - December 8, 2015 @ 03:12 AM"
2013,wc_order_5666aec3112f2,"Order - December 8, 2015 @ 03:51 PM"
2023,wc_order_5667c53c65613,"Order - December 9, 2015 @ 11:37 AM"
2025,wc_order_5667c6c6cb039,"Order - December 9, 2015 @ 11:45 AM"
2026,wc_order_5667cc928e32d,"Order - December 9, 2015 @ 12:09 PM"
2034,wc_order_56684a1f7e33c,"Order - December 9, 2015 @ 09:06 PM"
2052,wc_order_5668ef0365343,"Order - December 10, 2015 @ 08:53 AM"
2058,wc_order_5669219a98fa6,"Order - December 10, 2015 @ 12:26 PM"
2060,wc_order_56692936a1d39,"Order - December 10, 2015 @ 03:00 PM"
2066,wc_order_56695af3a6b5f,"Order - December 10, 2015 @ 04:30 PM"
2069,wc_order_566973bb3bf0d,"Order - December 10, 2015 @ 06:36 PM"
2072,wc_order_5669809d205b1,"Order - December 10, 2015 @ 07:12 PM"
2075,wc_order_5669a90bedb04,"Order - December 10, 2015 @ 10:02 PM"
2091,wc_order_566a48f718319,"Order - December 11, 2015 @ 09:33 AM"
2092,wc_order_566a558840c33,"Order - December 11, 2015 @ 10:19 AM"
2100,wc_order_566ae4cd42fd6,"Order - December 11, 2015 @ 08:32 PM"
2103,wc_order_566aed6b82160,"Order - December 11, 2015 @ 09:10 PM"
2108,wc_order_566b2861c48d9,"Order - December 12, 2015 @ 01:17 AM"
2110,wc_order_566b2afce4a64,"Order - December 12, 2015 @ 01:28 AM"
2113,wc_order_566b4dee83593,"Order - December 12, 2015 @ 04:01 AM"
2118,wc_order_566bcfa4d7318,"Order - December 12, 2015 @ 01:11 PM"
2128,wc_order_566c1bbac561e,"Order - December 12, 2015 @ 06:38 PM"
2136,wc_order_566d13dced90a,"Order - December 13, 2015 @ 12:17 PM"
2141,wc_order_566d2567adab3,"Order - December 13, 2015 @ 01:31 PM"
2150,wc_order_566e3d3a86f0b,"Order - December 14, 2015 @ 09:23 AM"
2155,wc_order_566eae487fcd4,"Order - December 14, 2015 @ 05:28 PM"
2156,order_566ec4979a048,"Order - December 14, 2015 @ 06:23 PM"
2159,wc_order_566ede664bd93,"Order - December 14, 2015 @ 08:51 PM"
2161,wc_order_566ef16bd788f,"Order - December 14, 2015 @ 10:16 PM"
2165,wc_order_566fa46435d50,"Order - December 15, 2015 @ 10:58 AM"
2169,wc_order_566fc8d0ab461,"Order - December 15, 2015 @ 01:33 PM"
2172,wc_order_566fcf9c433b7,"Order - December 15, 2015 @ 02:02 PM"
2178,wc_order_56702bbb5a6a0,"Order - December 15, 2015 @ 08:36 PM"
2179,order_5670457b3aad4,"Order - December 17, 2015 @ 10:16 PM"
2180,order_567048b272a19,"Order - December 15, 2015 @ 10:34 PM"
2181,order_56704b11e3280,"Order - December 15, 2015 @ 10:43 PM"
2185,wc_order_567070910aa93,"Order - December 16, 2015 @ 01:29 AM"
2189,wc_order_5670fdbf8b1c6,"Order - December 16, 2015 @ 11:29 AM"
2192,wc_order_567113e5907a2,"Order - December 16, 2015 @ 01:06 PM"
2195,wc_order_56713487698ab,"Order - December 16, 2015 @ 03:24 PM"
2200,wc_order_567183f97dcf3,"Order - December 16, 2015 @ 09:04 PM"
2204,wc_order_56722bfed4e24,"Order - December 17, 2015 @ 09:02 AM"
2206,wc_order_567239b8c0885,"Order - December 17, 2015 @ 09:57 AM"
2208,wc_order_56724cd4a18a2,"Order - December 17, 2015 @ 12:37 PM"
2212,order_56726d1a1cb38,"Order - December 17, 2015 @ 01:35 PM"
2217,wc_order_56727404a1c64,"Order - December 17, 2015 @ 02:06 PM"
2220,wc_order_5672a9720b98d,"Order - December 17, 2015 @ 05:58 PM"
2224,wc_order_5672d08eb8c47,"Order - December 17, 2015 @ 08:43 PM"
2231,wc_order_56738acc600b8,"Order - December 18, 2015 @ 09:55 AM"
2236,wc_order_5673c5623850d,"Order - December 18, 2015 @ 02:13 PM"
2241,wc_order_5673ea84995e0,"Order - December 18, 2015 @ 04:49 PM"
2244,wc_order_5674062ccb1b9,"Order - December 18, 2015 @ 06:46 PM"
2246,wc_order_56740a810db51,"Order - December 18, 2015 @ 07:07 PM"
2248,wc_order_56740ec0a8363,"Order - December 18, 2015 @ 07:20 PM"
2251,wc_order_56743cfab689c,"Order - December 18, 2015 @ 10:40 PM"
2257,wc_order_5674c7d804c66,"Order - December 19, 2015 @ 08:30 AM"
2260,wc_order_56751835a1472,"Order - December 19, 2015 @ 02:13 PM"
2264,wc_order_5675387046934,"Order - December 19, 2015 @ 04:32 PM"
2270,wc_order_5676026722018,"Order - December 20, 2015 @ 06:54 AM"
2272,wc_order_56767f55b03f4,"Order - December 20, 2015 @ 04:10 PM"
2277,wc_order_5676b767794e2,"Order - December 20, 2015 @ 07:45 PM"
2279,wc_order_5676ce7758099,"Order - December 20, 2015 @ 09:23 PM"
2285,wc_order_567767bd885d1,"Order - December 21, 2015 @ 08:51 AM"
2289,wc_order_56779c96e002e,"Order - December 22, 2015 @ 02:32 PM"
2299,wc_order_567809f6a830b,"Order - December 21, 2015 @ 07:50 PM"
2303,wc_order_567829cf3a9bf,"Order - December 21, 2015 @ 10:05 PM"
2309,wc_order_5678cc5b1599a,"Order - December 22, 2015 @ 09:38 AM"
2313,wc_order_5678db56ef25f,"Order - December 22, 2015 @ 10:40 AM"
2316,wc_order_5678e11a6644e,"Order - December 22, 2015 @ 11:05 AM"
2317,order_5678e743a489c,"Order - December 22, 2015 @ 11:29 AM"
2320,wc_order_5678f64379602,"Order - December 22, 2015 @ 12:37 PM"
2327,wc_order_567924a725259,"Order - December 22, 2015 @ 03:55 PM"
2329,wc_order_567938be65edd,"Order - December 22, 2015 @ 05:21 PM"
2332,order_5679939fbcb1b,"Order - December 22, 2015 @ 11:43 PM"
2353,wc_order_567a1f125416c,"Order - December 23, 2015 @ 09:42 AM"
2357,wc_order_567a5626ee0c4,"Order - December 23, 2015 @ 01:40 PM"
2361,wc_order_567aa74c4d700,"Order - December 23, 2015 @ 07:25 PM"
2363,wc_order_567ab0c15d8f6,"Order - December 23, 2015 @ 08:03 PM"
2367,wc_order_567ae65f5e98a,"Order - December 24, 2015 @ 12:01 AM"
2372,wc_order_567afe65821d2,"Order - December 24, 2015 @ 01:39 AM"
2375,wc_order_567b853b061d0,"Order - December 24, 2015 @ 11:14 AM"
2378,wc_order_567b949469b7e,"Order - December 24, 2015 @ 05:42 PM"
2381,wc_order_567bb1bc9c44e,"Order - December 24, 2015 @ 02:30 PM"
2383,wc_order_567bb45849cf7,"Order - December 24, 2015 @ 02:33 PM"
2385,wc_order_567bc91f1959c,"Order - December 24, 2015 @ 03:59 PM"
2389,wc_order_567bebcf275ba,"Order - December 24, 2015 @ 06:29 PM"
2394,wc_order_567c2884e5d41,"Order - December 24, 2015 @ 10:46 PM"
2399,wc_order_567e47c3e4cd1,"Order - December 26, 2015 @ 01:27 PM"
2402,wc_order_567e5a7e5b013,"Order - December 26, 2015 @ 02:48 PM"
2407,wc_order_567e6bd843745,"Order - December 26, 2015 @ 03:59 PM"
2415,wc_order_567ea62b11f83,"Order - December 26, 2015 @ 08:10 PM"
2417,wc_order_567eaa856b6f1,"Order - December 26, 2015 @ 08:27 PM"
2420,wc_order_567f7b21bfec8,"Order - December 27, 2015 @ 11:18 AM"
2435,wc_order_56826e1b727d1,"Order - December 29, 2015 @ 04:59 PM"
2436,wc_order_56827101e1ef7,"Order - December 29, 2015 @ 05:13 PM"
2441,wc_order_56827f6f48281,"Order - December 29, 2015 @ 06:12 PM"
2442,wc_order_5682814b80988,"Order - December 29, 2015 @ 06:21 PM"
2445,wc_order_568354b37b434,"Order - December 30, 2015 @ 09:23 AM"
2446,wc_order_56835dc709112,"Order - December 30, 2015 @ 10:06 AM"
2448,wc_order_56836c8ab19a9,"Order - December 30, 2015 @ 11:06 AM"
2451,wc_order_56837250eefb7,"Order - December 30, 2015 @ 11:31 AM"
2456,wc_order_5683d3af553fb,"Order - December 30, 2015 @ 06:24 PM"
2458,wc_order_568401948b115,"Order - December 30, 2015 @ 09:42 PM"
2461,wc_order_5684b0c59a328,"Order - December 31, 2015 @ 10:08 AM"
2463,wc_order_5684b38d689aa,"Order - December 31, 2015 @ 10:20 AM"
2465,wc_order_5684db97c9451,"Order - December 31, 2015 @ 01:10 PM"
2468,wc_order_568500c2c4039,"Order - December 31, 2015 @ 03:49 PM"
2472,wc_order_56852454eeb3e,"Order - December 31, 2015 @ 06:21 PM"
2474,wc_order_568530d961015,"Order - December 31, 2015 @ 07:16 PM"
2477,wc_order_568559e421396,"Order - December 31, 2015 @ 10:07 PM"
2479,wc_order_56855eae5cdbe,"Order - December 31, 2015 @ 10:28 PM"
2485,wc_order_568639f29a99f,"Order - January 1, 2016 @ 02:39 PM"
2489,wc_order_56865f5ba09bf,"Order - January 1, 2016 @ 04:44 PM"
2491,wc_order_568686fce09cc,"Order - January 1, 2016 @ 07:34 PM"
2496,wc_order_56875d7f738ab,"Order - January 2, 2016 @ 10:47 AM"
2500,wc_order_56877048bdaee,"Order - January 2, 2016 @ 12:08 PM"
2503,wc_order_568777602aad5,"Order - January 2, 2016 @ 12:40 PM"
2507,wc_order_568796b66f224,"Order - January 2, 2016 @ 02:54 PM"
2510,wc_order_56879d07cb418,"Order - January 2, 2016 @ 03:23 PM"
2514,wc_order_5687b62a18cf7,"Order - January 2, 2016 @ 05:06 PM"
2522,wc_order_5688abb4da544,"Order - January 3, 2016 @ 10:33 AM"
2524,wc_order_5688bf6a89145,"Order - January 3, 2016 @ 11:57 AM"
2535,wc_order_56892cd6942a6,"Order - January 3, 2016 @ 07:46 PM"
2536,wc_order_56892f0fd9cba,"Order - January 3, 2016 @ 07:59 PM"
2539,wc_order_568936166df44,"Order - January 3, 2016 @ 08:24 PM"
2541,wc_order_5689658476936,"Order - January 4, 2016 @ 08:21 AM"
2543,wc_order_568973f9574a5,"Order - January 4, 2016 @ 12:52 AM"
2547,wc_order_5689f2136e4bb,"Order - January 4, 2016 @ 09:46 AM"
2551,wc_order_568a15fc10d71,"Order - January 4, 2016 @ 12:19 PM"
2554,wc_order_568a1f94adc29,"Order - January 4, 2016 @ 01:02 PM"
2559,wc_order_568a2d45bc30d,"Order - January 4, 2016 @ 02:04 PM"
2565,wc_order_568a6601b4bef,"Order - January 4, 2016 @ 06:03 PM"
2570,wc_order_568a8440118cc,"Order - January 4, 2016 @ 08:12 PM"
2574,wc_order_568ab188dcbf7,"Order - January 4, 2016 @ 11:25 PM"
2576,wc_order_568ab26ce77a6,"Order - January 4, 2016 @ 11:28 PM"
2580,wc_order_568ad2638fff8,"Order - January 5, 2016 @ 01:46 AM"
2582,wc_order_568b7cd6d2257,"Order - January 5, 2016 @ 01:53 PM"
2589,wc_order_568bcf16a3cd8,"Order - January 5, 2016 @ 07:43 PM"
2593,wc_order_568bfe69373cc,"Order - January 5, 2016 @ 11:06 PM"
2596,wc_order_568c4c705d4e0,"Order - January 6, 2016 @ 04:39 AM"
2598,wc_order_568c88a9a8378,"Order - January 6, 2016 @ 08:53 AM"
2600,wc_order_568c89a3b9b75,"Order - January 6, 2016 @ 09:02 AM"
2604,wc_order_568c9767dd0cf,"Order - January 6, 2016 @ 12:10 PM"
2606,wc_order_568c9f24502c4,"Order - January 6, 2016 @ 10:32 AM"
2611,wc_order_568cee040e731,"Order - January 6, 2016 @ 04:05 PM"
2615,wc_order_568cf75d694b5,"Order - January 7, 2016 @ 01:03 PM"
2619,wc_order_568d019ced9f5,"Order - January 6, 2016 @ 05:38 PM"
2621,wc_order_568d0841f0585,"Order - January 6, 2016 @ 06:01 PM"
2623,wc_order_568d12df1dc2c,"Order - January 6, 2016 @ 06:47 PM"
2628,wc_order_568d3590157e4,"Order - January 6, 2016 @ 09:12 PM"
2637,wc_order_568d7657f00b3,"Order - January 7, 2016 @ 01:55 AM"
2639,wc_order_568dd51647ce6,"Order - January 7, 2016 @ 08:37 AM"
2641,wc_order_568e032379c74,"Order - January 7, 2016 @ 11:48 AM"
2644,wc_order_568e1570a432b,"Order - January 7, 2016 @ 01:06 PM"
2652,wc_order_568e5903dc9cf,"Order - January 7, 2016 @ 05:57 PM"
2656,wc_order_568e5f8d96640,"Order - January 7, 2016 @ 06:22 PM"
2659,wc_order_568eb15063e49,"Order - January 8, 2016 @ 12:14 AM"
2661,wc_order_568f2af7a8ec3,"Order - January 8, 2016 @ 08:52 AM"
2663,wc_order_568f311480e3b,"Order - January 8, 2016 @ 09:18 AM"
2667,wc_order_568f40e52fd02,"Order - January 8, 2016 @ 10:26 AM"
2679,wc_order_568f911e812c6,"Order - January 8, 2016 @ 04:10 PM"
2681,wc_order_568f9970683a6,"Order - January 8, 2016 @ 04:42 PM"
2684,wc_order_568fbe81e447e,"Order - January 8, 2016 @ 07:19 PM"
2686,wc_order_568fc1619b4df,"Order - January 8, 2016 @ 07:33 PM"
2689,wc_order_568fdd88b0400,"Order - January 8, 2016 @ 09:38 PM"
2691,wc_order_569004909ef37,"Order - January 9, 2016 @ 12:23 AM"
2693,wc_order_569037ba56ed0,"Order - January 9, 2016 @ 04:03 AM"
2697,wc_order_56909beed7a4b,"Order - January 9, 2016 @ 11:07 AM"
2701,wc_order_569110cacd978,"Order - January 9, 2016 @ 07:24 PM"
2709,wc_order_5691677fdc609,"Order - January 10, 2016 @ 01:37 AM"
2713,wc_order_569217284e752,"Order - January 10, 2016 @ 02:05 PM"
2715,wc_order_56921d0fd8b25,"Order - January 10, 2016 @ 02:30 PM"
2720,wc_order_569275fcab330,"Order - January 10, 2016 @ 08:47 PM"
2739,wc_order_56932eda4fa18,"Order - January 11, 2016 @ 09:58 AM"
2741,wc_order_569339dcc2b4f,"Order - January 11, 2016 @ 10:43 AM"
2743,wc_order_5693485025185,"Order - January 11, 2016 @ 11:47 AM"
2755,wc_order_56940aee1e7fc,"Order - January 12, 2016 @ 01:39 AM"
2759,wc_order_5694ee4f41f4e,"Order - January 12, 2016 @ 05:54 PM"
2767,wc_order_56960b72ca234,"Order - January 13, 2016 @ 02:05 PM"
2768,wc_order_56960de0d31ff,"Order - January 13, 2016 @ 02:16 PM"
2771,wc_order_56961bd6d1e62,"Order - January 13, 2016 @ 03:16 PM"
2773,wc_order_56961f41aaf4a,"Order - January 13, 2016 @ 03:29 PM"
2792,wc_order_56974c1a83469,"Order - January 14, 2016 @ 12:52 PM"
2797,wc_order_56978b52bfff1,"Order - January 14, 2016 @ 05:25 PM"
2800,wc_order_5697a01b8a86c,"Order - January 14, 2016 @ 06:48 PM"
2811,wc_order_569852af5225e,"Order - January 15, 2016 @ 07:35 AM"
2817,wc_order_569882fbb602f,"Order - January 15, 2016 @ 10:57 AM"
2819,wc_order_569886cde29f1,"Order - January 15, 2016 @ 11:14 AM"
2830,wc_order_56993208a07aa,"Order - January 15, 2016 @ 11:25 PM"
2832,wc_order_56994a07cc9ea,"Order - January 16, 2016 @ 01:07 AM"
2853,wc_order_569a8611e3c88,"Order - January 16, 2016 @ 11:37 PM"
2953,wc_order_569bddfedf135,"Order - January 18, 2016 @ 12:04 AM"
2957,wc_order_569c6823c4f5d,"Order - January 18, 2016 @ 09:53 AM"
2961,wc_order_569c931e92d68,"Order - January 18, 2016 @ 12:54 PM"
2963,wc_order_569c96707777d,"Order - January 18, 2016 @ 01:08 PM"
2981,wc_order_569cdf9453ff1,"Order - January 18, 2016 @ 06:22 PM"
3000,wc_order_569efbff7d440,"Order - January 20, 2016 @ 08:46 AM"
3015,wc_order_569f3b9311f5d,"Order - January 20, 2016 @ 01:21 PM"
3020,wc_order_569f4ca265ef5,"Order - January 20, 2016 @ 02:30 PM"
3033,wc_order_569f76a4d36fd,"Order - January 20, 2016 @ 06:15 PM"
3037,wc_order_569f846537204,"Order - January 20, 2016 @ 06:29 PM"
3042,wc_order_569fb07cd90f4,"Order - January 20, 2016 @ 09:36 PM"
3044,wc_order_569fb262eae2b,"Order - January 20, 2016 @ 09:46 PM"
3061,wc_order_56a08b13c815c,"Order - January 21, 2016 @ 01:08 PM"
3064,wc_order_56a091001f264,"Order - January 21, 2016 @ 01:34 PM"
3067,wc_order_56a0946401f55,"Order - January 21, 2016 @ 01:52 PM"
3068,wc_order_56a095003c50c,"Order - January 21, 2016 @ 02:10 PM"
3073,wc_order_56a0a07097eee,"Order - January 21, 2016 @ 02:42 PM"
3075,order_56a0a646a5f4c,"Order - January 21, 2016 @ 03:05 PM"
3077,wc_order_56a0b2718bab9,"Order - January 21, 2016 @ 03:56 PM"
3082,wc_order_56a0e79d992f7,"Order - January 21, 2016 @ 07:43 PM"
3085,wc_order_56a0eccf25cbb,"Order - January 21, 2016 @ 08:05 PM"
3088,wc_order_56a0f356048a5,"Order - January 21, 2016 @ 08:33 PM"
3091,wc_order_56a10be8b2b96,"Order - January 21, 2016 @ 10:22 PM"
3101,wc_order_56a1bde0b11d0,"Order - January 22, 2016 @ 11:06 AM"
3113,wc_order_56a225a5a12da,"Order - January 22, 2016 @ 06:20 PM"
3115,wc_order_56a2291168c45,"Order - January 22, 2016 @ 06:37 PM"
3119,wc_order_56a259d969d8a,"Order - January 22, 2016 @ 10:05 PM"
3122,wc_order_56a26e035d685,"Order - January 22, 2016 @ 11:29 PM"
3129,wc_order_56a2fd09133dc,"Order - January 23, 2016 @ 09:43 AM"
3132,wc_order_56a340d0156e0,"Order - January 23, 2016 @ 02:28 PM"
3133,wc_order_56a361e0079ec,"Order - January 23, 2016 @ 04:53 PM"
3138,wc_order_56a383bba6211,"Order - January 23, 2016 @ 07:14 PM"
3139,order_56a387ced1447,"Order - January 23, 2016 @ 07:31 PM"
3141,wc_order_56a38aaa98451,"Order - January 23, 2016 @ 08:02 PM"
3144,wc_order_56a3a26f36d4d,"Order - January 23, 2016 @ 09:28 PM"
3150,wc_order_56a4258958c85,"Order - January 24, 2016 @ 06:44 AM"
3153,wc_order_56a4491083ce5,"Order - January 24, 2016 @ 09:18 AM"
3158,wc_order_56a47805ecabd,"Order - January 24, 2016 @ 12:38 PM"
3163,wc_order_56a49801c53af,"Order - January 24, 2016 @ 02:53 PM"
3166,wc_order_56a4a0d88666c,"Order - January 24, 2016 @ 03:30 PM"
3168,wc_order_56a4a32d0b065,"Order - January 24, 2016 @ 03:40 PM"
3172,wc_order_56a4c68463152,"Order - January 24, 2016 @ 06:14 PM"
3176,wc_order_56a4ece93163f,"Order - January 24, 2016 @ 08:58 PM"
3180,wc_order_56a50d8e24871,"Order - January 24, 2016 @ 11:17 PM"
3187,wc_order_56a538addae6e,"Order - January 25, 2016 @ 02:18 AM"
3194,wc_order_56a5aaceb4d92,"Order - January 25, 2016 @ 10:29 AM"
3198,wc_order_56a5adafcf90b,"Order - January 25, 2016 @ 10:40 AM"
3202,wc_order_56a5c5a3c3b43,"Order - January 26, 2016 @ 08:34 PM"
3205,wc_order_56a5cae71644c,"Order - January 25, 2016 @ 12:42 PM"
3208,wc_order_56a5f1d8f00b5,"Order - January 25, 2016 @ 03:33 PM"
3213,wc_order_56a5fbe749d30,"Order - January 25, 2016 @ 04:13 PM"
3215,wc_order_56a6040d955d6,"Order - January 25, 2016 @ 04:46 PM"
3225,wc_order_56a716906d5c9,"Order - January 26, 2016 @ 12:17 PM"
3227,wc_order_56a75dbf3f729,"Order - January 26, 2016 @ 05:24 PM"
3236,wc_order_56a7beba7ad06,"Order - January 27, 2016 @ 12:16 AM"
3243,wc_order_56a844560e87a,"Order - January 27, 2016 @ 09:47 AM"
3246,wc_order_56a84f2103cfc,"Order - January 27, 2016 @ 10:33 AM"
3250,wc_order_56a853389fa45,"Order - January 27, 2016 @ 10:50 AM"
3254,wc_order_56a87df4de78b,"Order - January 27, 2016 @ 01:53 PM"
3256,wc_order_56a883a80bb2d,"Order - January 27, 2016 @ 02:19 PM"
3262,wc_order_56a8e9a55550f,"Order - January 27, 2016 @ 10:30 PM"
3269,wc_order_56a969fe2f9a4,"Order - January 28, 2016 @ 06:41 AM"
3274,wc_order_56a9ab5d0e6c9,"Order - January 28, 2016 @ 11:20 AM"
3279,wc_order_56a9c922b1944,"Order - January 28, 2016 @ 01:33 PM"
3284,wc_order_56a9e239c5d13,"Order - January 28, 2016 @ 03:11 PM"
3288,wc_order_56a9fcdcab882,"Order - January 28, 2016 @ 05:06 PM"
3290,wc_order_56aa016f8c552,"Order - January 28, 2016 @ 05:27 PM"
3295,wc_order_56aa34248f562,"Order - January 28, 2016 @ 09:04 PM"
3299,wc_order_56aa3869accd0,"Order - January 28, 2016 @ 09:20 PM"
3301,wc_order_56aa39a89c127,"Order - January 28, 2016 @ 09:24 PM"
3313,wc_order_56aafaa79f4cd,"Order - January 29, 2016 @ 11:07 AM"
3315,wc_order_56aafc4b3cb5b,"Order - January 29, 2016 @ 11:17 AM"
3322,wc_order_56ab2c50514f2,"Order - January 29, 2016 @ 02:43 PM"
3325,wc_order_56ab4a175d626,"Order - January 30, 2016 @ 11:06 AM"
3326,wc_order_56ab4b3545b28,"Order - January 29, 2016 @ 04:55 PM"
3333,wc_order_56ab61b2103d0,"Order - January 29, 2016 @ 06:27 PM"
3348,wc_order_56ac8dd6133f9,"Order - January 30, 2016 @ 03:53 PM"
3351,wc_order_56acc2b00b8dc,"Order - January 30, 2016 @ 07:35 PM"
3354,wc_order_56acca7e8901a,"Order - January 30, 2016 @ 08:13 PM"
3358,wc_order_56acee565cb45,"Order - January 31, 2016 @ 08:52 PM"
3363,wc_order_56ad7d63a3dab,"Order - January 31, 2016 @ 08:55 AM"
3366,wc_order_56ad7e9fd05d9,"Order - January 31, 2016 @ 08:57 AM"
3375,wc_order_56adff85823d6,"Order - January 31, 2016 @ 06:05 PM"
3379,wc_order_56ae0fc1295ad,"Order - January 31, 2016 @ 07:17 PM"
3399,wc_order_56aec94fa925c,"Order - February 1, 2016 @ 08:26 AM"
3400,wc_order_56aedbda4bdd3,"Order - February 1, 2016 @ 09:47 AM"
3404,wc_order_56aee3b732c64,"Order - February 1, 2016 @ 10:23 AM"
3409,wc_order_56aee81cd1e0a,"Order - February 1, 2016 @ 10:40 AM"
3414,wc_order_56af25da5cd9e,"Order - February 1, 2016 @ 03:01 PM"
3416,wc_order_56af28087a433,"Order - February 1, 2016 @ 03:12 PM"
3419,wc_order_56af37a3a9055,"Order - February 1, 2016 @ 04:20 PM"
3425,wc_order_56af7bc569398,"Order - February 1, 2016 @ 09:21 PM"
3432,wc_order_56afd72bbc6f1,"Order - February 2, 2016 @ 03:41 AM"
3439,wc_order_56b038e982afb,"Order - February 2, 2016 @ 10:34 AM"
3443,wc_order_56b04bac5cd2e,"Order - February 2, 2016 @ 11:57 AM"
3450,wc_order_56b0907dd8bc7,"Order - February 2, 2016 @ 04:52 PM"
3453,wc_order_56b098a0f3519,"Order - February 2, 2016 @ 05:23 PM"
3483,wc_order_56b1d8bd93132,"Order - February 3, 2016 @ 04:12 PM"
3490,wc_order_56b2078d610d4,"Order - February 3, 2016 @ 07:34 PM"
3492,wc_order_56b20f1027ff3,"Order - February 3, 2016 @ 08:06 PM"
3498,wc_order_56b2c47783be7,"Order - February 4, 2016 @ 08:56 AM"
3500,wc_order_56b2d3b065f4a,"Order - February 4, 2016 @ 09:59 AM"
3503,wc_order_56b2fe48b5244,"Order - February 4, 2016 @ 01:04 PM"
3505,wc_order_56b309f5309f1,"Order - February 4, 2016 @ 01:56 PM"
3508,wc_order_56b3126cedd94,"Order - February 4, 2016 @ 02:27 PM"
3512,wc_order_56b32f59d0025,"Order - February 4, 2016 @ 04:35 PM"
3519,wc_order_56b40dbe90611,"Order - February 5, 2016 @ 08:19 AM"
3522,wc_order_56b427a1ec10c,"Order - February 5, 2016 @ 10:16 AM"
3523,wc_order_56b427e2581de,"Order - February 5, 2016 @ 10:12 AM"
3526,wc_order_56b42aa4a9560,"Order - February 5, 2016 @ 10:27 AM"
3527,wc_order_56b42c2b60c18,"Order - February 5, 2016 @ 10:38 AM"
3530,wc_order_56b4351b08596,"Order - February 5, 2016 @ 11:10 AM"
3541,wc_order_56b44ef7b0594,"Order - February 5, 2016 @ 12:57 PM"
3543,wc_order_56b452de826e3,"Order - February 5, 2016 @ 01:17 PM"
3548,wc_order_56b460cca18be,"Order - February 5, 2016 @ 02:13 PM"
3553,wc_order_56b4983a7e900,"Order - February 5, 2016 @ 06:10 PM"
3557,wc_order_56b4afdb4cd35,"Order - February 5, 2016 @ 07:51 PM"
3559,wc_order_56b4b12506de1,"Order - February 5, 2016 @ 07:56 PM"
3562,wc_order_56b4f2f3ef86d,"Order - February 6, 2016 @ 12:37 AM"
3571,wc_order_56b59aa4b63b6,"Order - February 6, 2016 @ 12:35 PM"
3572,wc_order_56b5cd4849b69,"Order - February 6, 2016 @ 04:12 PM"
3575,wc_order_56b5d99b112cb,"Order - February 6, 2016 @ 05:05 PM"
3577,wc_order_56b6007fb4307,"Order - February 6, 2016 @ 07:47 PM"
3580,wc_order_56b60fa501353,"Order - February 6, 2016 @ 08:54 PM"
3581,wc_order_56b6102326b20,"Order - February 6, 2016 @ 08:54 PM"
3585,wc_order_56b6447024ef2,"Order - February 7, 2016 @ 12:39 AM"
3591,wc_order_56b6cf3e6ffd7,"Order - February 7, 2016 @ 10:29 AM"
3593,wc_order_56b6f5c062cda,"Order - February 7, 2016 @ 01:14 PM"
3597,wc_order_56b71140e9255,"Order - February 7, 2016 @ 03:11 PM"
3601,wc_order_56b7444088c75,"Order - February 7, 2016 @ 06:58 PM"
3603,wc_order_56b74bd2b8070,"Order - February 7, 2016 @ 07:23 PM"
3607,wc_order_56b75823c461a,"Order - February 7, 2016 @ 08:13 PM"
3609,wc_order_56b75e40b2604,"Order - February 7, 2016 @ 08:39 PM"
3612,wc_order_56b775beafdec,"Order - February 7, 2016 @ 10:22 PM"
3617,wc_order_56b7f1c18e144,"Order - February 8, 2016 @ 07:11 AM"
3619,wc_order_56b81278ab893,"Order - February 8, 2016 @ 09:34 AM"
3622,wc_order_56b856d1dc83a,"Order - February 8, 2016 @ 02:25 PM"
3626,wc_order_56b867a1ba1be,"Order - February 8, 2016 @ 03:38 PM"
3628,wc_order_56b88865233ab,"Order - February 8, 2016 @ 05:51 PM"
3633,wc_order_56b8b33244fd8,"Order - February 8, 2016 @ 08:58 PM"
3636,wc_order_56b91d2065538,"Order - February 9, 2016 @ 04:32 AM"
3641,wc_order_56b98d3ebb016,"Order - February 9, 2016 @ 12:27 PM"
3645,wc_order_56b9a266ad206,"Order - February 9, 2016 @ 01:56 PM"
3649,wc_order_56b9c4c042f05,"Order - February 9, 2016 @ 04:24 PM"
3653,wc_order_56b9def494b43,"Order - February 9, 2016 @ 06:13 PM"
3656,wc_order_56b9ed4c0878d,"Order - February 9, 2016 @ 07:26 PM"
3659,wc_order_56b9f09a66da3,"Order - February 9, 2016 @ 07:30 PM"
3661,wc_order_56ba0e87850a8,"Order - February 11, 2016 @ 04:47 PM"
3670,wc_order_56bab03fdd319,"Order - February 10, 2016 @ 09:15 AM"
3674,wc_order_56bad5728e09f,"Order - February 10, 2016 @ 11:47 AM"
3675,wc_order_56bad78cb10ee,"Order - February 10, 2016 @ 11:55 AM"
3680,wc_order_56baf97d1ff52,"Order - February 10, 2016 @ 02:19 PM"
3685,wc_order_56bb1a08e88f5,"Order - February 10, 2016 @ 04:37 PM"
3689,wc_order_56bb1c4daf907,"Order - February 10, 2016 @ 04:47 PM"
3694,wc_order_56bb4faeeb69c,"Order - February 10, 2016 @ 08:26 PM"
3697,wc_order_56bb630adcfc7,"Order - February 10, 2016 @ 09:49 PM"
3699,wc_order_56bb650131db9,"Order - February 10, 2016 @ 10:29 PM"
3704,wc_order_56bbb4da4be5b,"Order - February 11, 2016 @ 03:38 AM"
3706,wc_order_56bbb79553652,"Order - February 11, 2016 @ 03:50 AM"
3710,wc_order_56bc119217631,"Order - February 11, 2016 @ 10:20 AM"
3711,wc_order_56bc1720d4984,"Order - February 11, 2016 @ 10:37 AM"
3714,wc_order_56bc2180a82ae,"Order - February 11, 2016 @ 11:24 AM"
3717,wc_order_56bc2e915b81b,"Order - February 11, 2016 @ 12:23 PM"
3718,wc_order_56bc2f123809f,"Order - February 11, 2016 @ 12:22 PM"
3720,wc_order_56bc345f6817f,"Order - February 11, 2016 @ 12:42 PM"
3724,wc_order_56bc5c0366ea4,"Order - February 11, 2016 @ 03:31 PM"
3727,wc_order_56bc8678aa4d8,"Order - February 11, 2016 @ 06:34 PM"
3731,wc_order_56bcc97c9c610,"Order - February 11, 2016 @ 11:20 PM"
3732,wc_order_56bceb23e3446,"Order - February 12, 2016 @ 01:44 AM"
3739,wc_order_56bd5cde5dce1,"Order - February 12, 2016 @ 09:49 AM"
3742,wc_order_56bdc4884f093,"Order - February 12, 2016 @ 05:09 PM"
3744,wc_order_56bde17ead2d5,"Order - February 12, 2016 @ 07:16 PM"
3746,wc_order_56be226d11fd9,"Order - February 12, 2016 @ 11:52 PM"
3754,wc_order_56bec8b9b1297,"Order - February 13, 2016 @ 11:48 AM"
3755,wc_order_56bec99732aed,"Order - February 13, 2016 @ 11:55 AM"
3759,wc_order_56bef42bd8c7b,"Order - February 18, 2016 @ 12:09 AM"
3765,wc_order_56bf2f9adb9f6,"Order - February 13, 2016 @ 07:02 PM"
3769,wc_order_56bf4875d291f,"Order - February 13, 2016 @ 08:45 PM"
3774,wc_order_56bf979fbc599,"Order - February 14, 2016 @ 02:22 AM"
3778,wc_order_56c012c2b6ce7,"Order - February 14, 2016 @ 11:12 AM"
3781,wc_order_56c0330b49d34,"Order - February 14, 2016 @ 01:29 PM"
3784,wc_order_56c04766a1ecc,"Order - February 15, 2016 @ 02:19 PM"
3787,wc_order_56c04c0787c92,"Order - February 14, 2016 @ 03:12 PM"
3788,wc_order_56c05b9366265,"Order - February 14, 2016 @ 04:19 PM"
3791,wc_order_56c093fd5d680,"Order - February 14, 2016 @ 08:19 PM"
3795,wc_order_56c09bbf8ca03,"Order - February 14, 2016 @ 08:54 PM"
3798,wc_order_56c0e0ba4e57f,"Order - February 15, 2016 @ 01:46 AM"
3802,wc_order_56c13e8def561,"Order - February 15, 2016 @ 08:27 AM"
3806,wc_order_56c164e727e82,"Order - February 15, 2016 @ 11:18 AM"
3807,wc_order_56c16a34810e5,"Order - February 15, 2016 @ 11:33 AM"
3809,wc_order_56c1ba835f753,"Order - February 15, 2016 @ 05:16 PM"
3812,wc_order_56c1dc8ad6060,"Order - February 15, 2016 @ 07:41 PM"
3817,wc_order_56c1f4c1da1aa,"Order - February 15, 2016 @ 09:24 PM"
3820,wc_order_56c202f2682e7,"Order - February 15, 2016 @ 10:25 PM"
3826,wc_order_56c290ac57375,"Order - February 16, 2016 @ 08:32 AM"
3830,wc_order_56c2b13fe8c0b,"Order - February 16, 2016 @ 10:54 AM"
3832,wc_order_56c2b50f03f0a,"Order - February 16, 2016 @ 11:10 AM"
3834,wc_order_56c2bde571208,"Order - February 16, 2016 @ 11:44 AM"
3841,wc_order_56c31386cc5d7,"Order - February 16, 2016 @ 05:50 PM"
3844,wc_order_56c33546966cd,"Order - February 16, 2016 @ 08:14 PM"
3846,wc_order_56c3367c4b42d,"Order - February 16, 2016 @ 08:18 PM"
3849,wc_order_56c35aa72b764,"Order - February 16, 2016 @ 10:52 PM"
3858,wc_order_56c3fd91b4270,"Order - February 17, 2016 @ 10:32 AM"
3864,wc_order_56c450d91603f,"Order - February 17, 2016 @ 04:23 PM"
3867,wc_order_56c460bbade6d,"Order - February 17, 2016 @ 05:29 PM"
3870,wc_order_56c49327c15c6,"Order - February 17, 2016 @ 09:08 PM"
3874,wc_order_56c49f15d71f6,"Order - February 17, 2016 @ 09:55 PM"
3877,wc_order_56c4a5acb11e9,"Order - February 17, 2016 @ 10:26 PM"
3879,wc_order_56c4d50f3dfef,"Order - February 18, 2016 @ 01:50 AM"
3887,wc_order_56c5642f177fc,"Order - February 18, 2016 @ 12:06 PM"
3891,wc_order_56c56c196f3dc,"Order - February 18, 2016 @ 12:35 PM"
3893,wc_order_56c57adce847e,"Order - February 18, 2016 @ 01:34 PM"
3895,wc_order_56c5860f65bf2,"Order - February 18, 2016 @ 02:25 PM"
3898,wc_order_56c5ab85ad65f,"Order - February 18, 2016 @ 05:05 PM"
3901,wc_order_56c5bf6f8abc6,"Order - February 18, 2016 @ 06:26 PM"
3902,wc_order_56c5d535b3c0f,"Order - February 18, 2016 @ 08:01 PM"
3909,wc_order_56c6706c5d6b5,"Order - February 19, 2016 @ 07:03 AM"
3913,wc_order_56c69dceac6d5,"Order - February 19, 2016 @ 10:15 AM"
3914,wc_order_56c69ed98bdf1,"Order - February 19, 2016 @ 10:21 AM"
3921,wc_order_56c6fc4a27fbf,"Order - February 19, 2016 @ 04:59 PM"
3923,wc_order_56c701b5a02ee,"Order - February 19, 2016 @ 05:22 PM"
3928,wc_order_56c74321bc3bb,"Order - February 19, 2016 @ 10:00 PM"
3933,wc_order_56c7738017a6d,"Order - February 20, 2016 @ 01:26 AM"
3938,wc_order_56c7dd5ddf689,"Order - February 20, 2016 @ 09:06 AM"
3945,wc_order_56c854aed6391,"Order - February 20, 2016 @ 05:29 PM"
3955,wc_order_56c9bbb29ae58,"Order - February 21, 2016 @ 08:56 PM"
3957,wc_order_56c9be80df2cb,"Order - February 21, 2016 @ 07:12 PM"
3965,wc_order_56c9e753130ef,"Order - February 21, 2016 @ 10:05 PM"
3967,wc_order_56c9fcad99fdf,"Order - February 21, 2016 @ 11:38 PM"
3969,wc_order_56ca147080219,"Order - February 22, 2016 @ 01:19 AM"
3972,wc_order_56ca1982df4a1,"Order - February 22, 2016 @ 01:39 AM"
3974,wc_order_56ca40233665f,"Order - February 22, 2016 @ 04:24 AM"
3979,wc_order_56cabeb83276a,"Order - February 22, 2016 @ 01:27 PM"
3982,wc_order_56cadaf24cc42,"Order - February 22, 2016 @ 03:24 PM"
3985,wc_order_56caed0893e70,"Order - February 22, 2016 @ 04:46 PM"
3990,wc_order_56cb00493860e,"Order - February 22, 2016 @ 06:38 PM"
3991,wc_order_56cb00ac6f822,"Order - February 22, 2016 @ 06:05 PM"
3995,wc_order_56cb1e98edbd7,"Order - February 22, 2016 @ 08:13 PM"
3998,wc_order_56cb28ba4483e,"Order - February 22, 2016 @ 08:56 PM"
4000,wc_order_56cb347d19f01,"Order - February 22, 2016 @ 09:50 PM"
4007,wc_order_56cbd7bfe4835,"Order - February 23, 2016 @ 09:24 AM"
4012,wc_order_56cbef81856c3,"Order - March 9, 2016 @ 05:05 AM"
4016,wc_order_56cbf4f1599e5,"Order - February 23, 2016 @ 11:29 AM"
4018,wc_order_56cbfc311909b,"Order - February 23, 2016 @ 11:59 AM"
4021,wc_order_56cbffd72ea56,"Order - March 9, 2016 @ 05:05 AM"
4025,wc_order_56cc11f34ed7a,"Order - February 23, 2016 @ 02:26 PM"
4027,wc_order_56cc1c2aa418b,"Order - February 23, 2016 @ 02:15 PM"
4030,wc_order_56cc284f22e81,"Order - February 23, 2016 @ 03:07 PM"
4031,wc_order_56cc378302ffd,"Order - February 23, 2016 @ 04:12 PM"
4038,wc_order_56cc668484c40,"Order - March 9, 2016 @ 05:05 AM"
4041,wc_order_56cc6b7ce35f8,"Order - February 23, 2016 @ 07:58 PM"
4042,wc_order_56cc6cc1aa43e,"Order - February 23, 2016 @ 08:01 PM"
4046,wc_order_56cc7e07044da,"Order - February 23, 2016 @ 09:16 PM"
4048,wc_order_56cc9667628c8,"Order - February 23, 2016 @ 11:02 PM"
4054,wc_order_56cd1243b9884,"Order - February 24, 2016 @ 07:49 AM"
4066,wc_order_56cd803090a0a,"Order - February 24, 2016 @ 05:39 PM"
4068,wc_order_56cd817271f84,"Order - February 24, 2016 @ 03:43 PM"
4071,wc_order_56cd8b6841737,"Order - February 24, 2016 @ 04:24 PM"
4073,wc_order_56cd930ea913a,"Order - February 24, 2016 @ 04:57 PM"
4075,wc_order_56cd96bf1ad2d,"Order - February 24, 2016 @ 05:14 PM"
4076,wc_order_56cd9df374012,"Order - February 24, 2016 @ 05:42 PM"
4077,wc_order_56cda092f2ec4,"Order - February 24, 2016 @ 05:57 PM"
4079,wc_order_56cda471d6fc4,"Order - February 24, 2016 @ 06:11 PM"
4081,wc_order_56cdaf0d06362,"Order - March 9, 2016 @ 05:05 AM"
4084,wc_order_56cdbb0aebfa4,"Order - February 24, 2016 @ 07:49 PM"
4087,wc_order_56cdf08861c0e,"Order - February 24, 2016 @ 11:48 PM"
4089,wc_order_56cdf12925a04,"Order - March 9, 2016 @ 05:06 AM"
4091,wc_order_56cdf1b2eb75a,"Order - March 9, 2016 @ 05:06 AM"
4097,wc_order_56ce467509ef0,"Order - February 25, 2016 @ 02:25 PM"
4102,wc_order_56ce94b6e8999,"Order - February 25, 2016 @ 11:25 AM"
4106,wc_order_56cea97718493,"Order - February 25, 2016 @ 12:46 PM"
4107,wc_order_56cead70637f8,"Order - February 25, 2016 @ 12:59 PM"
4111,wc_order_56cedc1c4711f,"Order - February 25, 2016 @ 04:22 PM"
4113,wc_order_56cee065cf381,"Order - February 25, 2016 @ 04:37 PM"
4120,wc_order_56cf277a519da,"Order - February 25, 2016 @ 09:59 PM"
4124,wc_order_56cf9c390b0d0,"Order - February 26, 2016 @ 06:00 AM"
4129,wc_order_56cfcf188a322,"Order - February 26, 2016 @ 09:37 AM"
4131,wc_order_56cfdce237a29,"Order - February 26, 2016 @ 10:41 AM"
4135,wc_order_56cfe3c806c5d,"Order - February 26, 2016 @ 11:10 AM"
4137,wc_order_56cfff2adae7b,"Order - March 9, 2016 @ 05:06 AM"
4139,wc_order_56d009c7ac2a4,"Order - February 26, 2016 @ 01:54 PM"
4143,wc_order_56d010329ae7f,"Order - February 26, 2016 @ 02:50 PM"
4145,wc_order_56d02b3f31ff2,"Order - February 26, 2016 @ 04:11 PM"
4149,wc_order_56d0577cc4f21,"Order - February 26, 2016 @ 07:20 PM"
4150,wc_order_56d0579a5ecf0,"Order - February 26, 2016 @ 07:20 PM"
4152,wc_order_56d0598b27fb9,"Order - February 26, 2016 @ 07:26 PM"
4159,wc_order_56d12c601569a,"Order - February 27, 2016 @ 10:25 AM"
4161,wc_order_56d12d7a9b208,"Order - February 27, 2016 @ 10:34 AM"
4163,wc_order_56d15748103ec,"Order - February 27, 2016 @ 01:32 PM"
4165,wc_order_56d15f5d4aab2,"Order - March 9, 2016 @ 05:06 AM"
4167,wc_order_56d19ae61c390,"Order - February 27, 2016 @ 06:21 PM"
4169,wc_order_56d1d0767f496,"Order - February 27, 2016 @ 10:12 PM"
4175,wc_order_56d255b94c19b,"Order - February 28, 2016 @ 07:43 AM"
4177,wc_order_56d272e452d78,"Order - February 28, 2016 @ 09:42 AM"
4179,wc_order_56d27988a47e9,"Order - February 28, 2016 @ 10:13 AM"
4192,wc_order_56d30b904d621,"Order - February 28, 2016 @ 08:33 PM"
4195,wc_order_56d311e251b78,"Order - February 28, 2016 @ 09:00 PM"
4198,wc_order_56d31bcb285ec,"Order - February 28, 2016 @ 09:39 PM"
4201,wc_order_56d3283208e8f,"Order - February 28, 2016 @ 10:36 PM"
4207,wc_order_56d3c28d7cfa3,"Order - February 29, 2016 @ 09:32 AM"
4208,wc_order_56d3ce7a70414,"Order - February 29, 2016 @ 10:25 AM"
4210,wc_order_56d3fc1355e5a,"Order - February 29, 2016 @ 01:39 PM"
4214,wc_order_56d41e7aa77b0,"Order - February 29, 2016 @ 04:03 PM"
4216,wc_order_56d422983837e,"Order - February 29, 2016 @ 04:22 PM"
4219,wc_order_56d42d76cade8,"Order - February 29, 2016 @ 05:07 PM"
4221,wc_order_56d435b2af144,"Order - February 29, 2016 @ 05:46 PM"
4222,wc_order_56d45166e0d75,"Order - February 29, 2016 @ 07:43 PM"
4225,wc_order_56d46da25f1f9,"Order - February 29, 2016 @ 09:51 PM"
4228,wc_order_56d470f538537,"Order - March 1, 2016 @ 11:17 AM"
4246,wc_order_56d5347bac456,"Order - March 1, 2016 @ 11:49 AM"
4248,wc_order_56d5356d7ce03,"Order - March 3, 2016 @ 08:10 PM"
4249,wc_order_56d539d50fb42,"Order - March 1, 2016 @ 12:18 PM"
4253,wc_order_56d542fa70e78,"Order - March 1, 2016 @ 12:51 PM"
4255,wc_order_56d546265057e,"Order - March 1, 2016 @ 01:08 PM"
4259,wc_order_56d5508cb5c00,"Order - March 1, 2016 @ 01:49 PM"
4262,wc_order_56d573fcdb970,"Order - March 1, 2016 @ 04:23 PM"
4265,wc_order_56d57c74ce37a,"Order - March 1, 2016 @ 04:58 PM"
4273,wc_order_56d59619b6ed2,"Order - March 1, 2016 @ 06:46 PM"
4276,wc_order_56d5a0f7a49aa,"Order - March 1, 2016 @ 07:40 PM"
4279,wc_order_56d5a75c2341b,"Order - March 1, 2016 @ 08:01 PM"
4282,wc_order_56d5b738ca070,"Order - March 1, 2016 @ 09:07 PM"
4284,wc_order_56d5c75b509f5,"Order - March 1, 2016 @ 10:18 PM"
4286,wc_order_56d5d6fc533da,"Order - March 1, 2016 @ 11:26 PM"
4294,wc_order_56d60c5337948,"Order - March 2, 2016 @ 03:14 AM"
4298,wc_order_56d67acc19f69,"Order - March 2, 2016 @ 11:04 AM"
4300,wc_order_56d688a4adb6a,"Order - March 2, 2016 @ 12:05 PM"
4303,wc_order_56d6b01d3975d,"Order - March 2, 2016 @ 02:49 PM"
4306,wc_order_56d6c1649dd5d,"Order - March 2, 2016 @ 04:03 PM"
4309,wc_order_56d6dcb897b9d,"Order - March 2, 2016 @ 06:42 PM"
4316,wc_order_56d714434999d,"Order - March 2, 2016 @ 09:59 PM"
4323,wc_order_56d7e4cad4562,"Order - March 3, 2016 @ 12:46 PM"
4333,wc_order_56d81d33e59c9,"Order - March 3, 2016 @ 04:47 PM"
4335,wc_order_56d81f2a70879,"Order - March 3, 2016 @ 04:56 PM"
4342,wc_order_56d839eabc11f,"Order - March 3, 2016 @ 06:49 PM"
4350,wc_order_56d86ad916921,"Order - March 3, 2016 @ 10:21 PM"
4354,wc_order_56d86fbfd8ff9,"Order - March 3, 2016 @ 10:39 PM"
4371,wc_order_56d9547c689e2,"Order - March 4, 2016 @ 02:55 PM"
4372,wc_order_56d954b047ffe,"Order - March 4, 2016 @ 02:56 PM"
4377,wc_order_56d971791e23e,"Order - March 4, 2016 @ 04:59 PM"
4382,wc_order_56d986b8e2c30,"Order - March 4, 2016 @ 06:33 PM"
4385,wc_order_56d9bab210bae,"Order - March 4, 2016 @ 10:20 PM"
4393,wc_order_56da92343c7eb,"Order - March 5, 2016 @ 01:32 PM"
4398,wc_order_56db0fbc4f2c1,"Order - March 5, 2016 @ 10:26 PM"
4403,wc_order_56dba5f570b70,"Order - March 6, 2016 @ 09:12 AM"
4406,wc_order_56dbb99384f84,"Order - March 6, 2016 @ 10:34 AM"
4410,wc_order_56dbe04111bfe,"Order - March 6, 2016 @ 01:56 PM"
4411,wc_order_56dbe32f07761,"Order - March 6, 2016 @ 01:31 PM"
4412,wc_order_56dbe567224d9,"Order - March 6, 2016 @ 01:40 PM"
4414,wc_order_56dbf0228d72a,"Order - March 6, 2016 @ 02:26 PM"
4416,wc_order_56dbfc188cb64,"Order - March 6, 2016 @ 03:14 PM"
4418,wc_order_56dc123153d2f,"Order - March 6, 2016 @ 04:57 PM"
4420,wc_order_56dc42b7aec06,"Order - March 6, 2016 @ 08:17 PM"
4425,wc_order_56dc56da93e13,"Order - March 6, 2016 @ 09:45 PM"
4434,wc_order_56dd060beb3cf,"Order - March 7, 2016 @ 10:12 AM"
4439,wc_order_56dd189bd0448,"Order - March 7, 2016 @ 11:31 AM"
4440,wc_order_56dd1aa31d71e,"Order - March 7, 2016 @ 11:37 AM"
4447,wc_order_56dd63942754f,"Order - March 9, 2016 @ 02:23 PM"
4450,wc_order_56dd79bb4b28b,"Order - March 7, 2016 @ 06:26 PM"
4456,wc_order_56dd9602d637e,"Order - March 7, 2016 @ 08:23 PM"
4461,wc_order_56de6aed7ea0b,"Order - March 8, 2016 @ 11:36 AM"
4465,wc_order_56df2c6254926,"Order - March 9, 2016 @ 01:19 AM"
4467,wc_order_56df40ce5a913,"Order - March 9, 2016 @ 02:46 AM"
4475,wc_order_56dfdaf1295d0,"Order - March 9, 2016 @ 01:44 PM"
4480,wc_order_56dff9788607f,"Order - March 9, 2016 @ 04:03 PM"
4483,wc_order_56e00b860a7b0,"Order - March 9, 2016 @ 05:11 PM"
4485,wc_order_56e01863c2548,"Order - March 9, 2016 @ 06:06 PM"
4493,wc_order_56e070f91291b,"Order - March 10, 2016 @ 11:08 AM"
4499,wc_order_56e0c79159021,"Order - March 10, 2016 @ 09:57 AM"
4502,wc_order_56e0f31ab2869,"Order - March 10, 2016 @ 09:40 AM"
4510,wc_order_56e13b4e64139,"Order - March 10, 2016 @ 02:47 PM"
4514,wc_order_56e164c8dd272,"Order - March 10, 2016 @ 05:45 PM"
4516,wc_order_56e18b49bac4f,"Order - March 10, 2016 @ 08:30 PM"
